GROUP,PACKAGE,CLASS,INSTRUCTION_MISSED,INSTRUCTION_COVERED,BRANCH_MISSED,BRANCH_COVERED,LINE_MISSED,LINE_COVERED,COMPLEXITY_MISSED,COMPLEXITY_COVERED,METHOD_MISSED,METHOD_COVERED
JBDCBank,com.revature.connection,ConnectionUtil,22,61,0,2,7,20,1,3,1,2
JBDCBank,com.revature.services,BankAccountService,0,39,0,2,0,11,0,9,0,8
JBDCBank,com.revature.services,SuperUserService,0,53,0,2,0,14,0,13,0,12
JBDCBank,com.revature.services,UserService,0,55,0,2,0,13,0,12,0,11
JBDCBank,com.revature.services,TransactionService,0,29,0,2,0,9,0,8,0,7
JBDCBank,com.revature.bank,User,227,138,24,14,63,34,31,9,14,7
JBDCBank,com.revature.bank,CurrentUser,199,47,32,0,42,19,21,10,5,10
JBDCBank,com.revature.bank,Speaker,1467,1627,454,140,202,380,329,63,4,21
JBDCBank,com.revature.bank,SuperUser,132,21,24,0,33,8,18,4,6,4
JBDCBank,com.revature.bank,BankAccountOracle,132,341,36,16,21,76,26,8,0,8
JBDCBank,com.revature.bank,BankMain,26,0,0,0,9,0,3,0,3,0
JBDCBank,com.revature.bank,CancelException,0,7,0,0,0,4,0,2,0,2
JBDCBank,com.revature.bank,Transaction,172,20,20,0,42,7,20,2,10,2
JBDCBank,com.revature.bank,UserOracle,137,599,48,38,18,124,39,15,0,11
JBDCBank,com.revature.bank,BankAccount,120,77,16,4,35,18,17,6,7,6
JBDCBank,com.revature.bank,ConnectionUtil,75,0,2,0,24,0,4,0,3,0
JBDCBank,com.revature.bank,PasswordException,3,0,0,0,1,0,1,0,1,0
JBDCBank,com.revature.bank,SuperUserOracle,105,636,7,27,30,161,7,22,0,12
JBDCBank,com.revature.bank,OverdraftException,3,0,0,0,1,0,1,0,1,0
JBDCBank,com.revature.bank,InvalidInputException,0,3,0,0,0,1,0,1,0,1
JBDCBank,com.revature.bank,TransactionOracle,40,292,1,15,16,69,1,14,0,7
